{"cameraMode":{"drawMode":0,"name":"Shaded","section":"Shading Mode"},"sceneLighting":true,"audioPlay":false,"sceneViewState":{"showFog":true,"showMaterialUpdate":false,"showSkybox":true,"showFlares":true,"showImageEffects":true,"showParticleSystems":true,"showVisualEffectGraphs":true,"m_FxEnabled":true},"in2DMode":false,"pivot":{"x":792.998779296875,"y":629.3425903320313,"z":195.01519775390626},"rotation":{"x":0.17432478070259095,"y":0.0017399147618561984,"z":-0.0003548510721884668,"w":0.9847109317779541},"size":111.80339813232422,"orthographic":false}